Model,Accuracy,Precision,Recall,F1_Score,ROC_AUC
Logistic Regression,0.5566666666666666,0.15384615384615385,0.46511627906976744,0.23121387283236994,0.4910867794769704
Random Forest,0.8533333333333334,0.0,0.0,0.0,0.5299067957650891
